0,King Khan
1,Jason Thompson
2,Susan Allen
3,Muhammad Abdullah Nabeel
4,AbdAlsalam Elsawi’s
5,Oziy Strings
6,im arhan
7,Jeff Basile
8,Michael 75264734
9,Charles Dunn
10,Surina 1998
11,Rose Myers
12,Esperanza Cruz Madre Luna
13,Celine Locke
14,Jiayi Chen
15,Lethabo Makena
16,Philisiwe Duduzile
17,Laxmi Lau
18,Admine Admin treding 4 you
19,Craig Waters
20,Thabisa Xolisile
21,Roman Norris
22,y4hoo
23,Jeff
24,Diana
25,Falilat Rafiq
26,tanisha ghani
27,Barry Burnes
28,Schowalski Krzysztof
29,M M
30,Aminat Fatima
31,Tripz
32,Akilah El Din
33,SS
34,Habiba
35,Charlotte
36,Marytha Philip
37,DannyBoy
38,Mio D k
39,Amañda Hoffman
40,Dees Box
41,Mr Kayyy
42,Ali
43,smith
44,James Rodjers
45,Ethan Lincoin
46,Your Dad
47,Kreezha Shie Williams
48,Bix
49,Olam Kwame
50,Sellma
51,Amahle Siyagbonga
52,Black
53,Jessie Ozias
54,Maxine Collins
55,Zara Ibrahim
56,Alee Junejo
57,Collins M
58,Rao Usman
59,Aaron Mood
60,Ahmed Emad
61,Misba Mahirah
62,talent Ugwu
63,Nathalia williams
64,nathalia williams
65,Tabrez Ansari
66,Lone Wolf
67,James Momanal
68,Smkalallala
69,Jahida Jabeen
70,S
71,Taiwo Benediction
72,Loki lokesh
73,Samira Abadi
74,Aliya Hammed
75,Muhammad Zain
76,Aliza Stella
77,Anthony075
78,Sylvia Tikkanen
79,JHOSEPH
80,Nadya Gn
81,Ladon Thorman
82,Abbie
83,N3G1
84,Isabel Tarayan
85,Cole Danny
86,Muhammed Kilinc
87,Uncle Micky
88,riya
89,Xiulan
90,nesterov 3
91,Olivia
92,Dorah Brande
93,Juan Tie
94,Earl Smith
95,Bernard More
96,Gabriella Jane
97,Mlle Marie Mls
98,Franz Belawan
99,Support
100,Alice Bailey
101,Thando_lera
102,King
103,Ansh Kk
104,okta Limited
105,Christina Anthony
106,Himanshu Saxena
107,Valentine Ngene
108,Lucy Jane
109,Kebz Kins
110,"...... ,,,,,,,,,,"
111,Albern Kiara
112,Jassica Willams
113,Smily Haha
114,Elina Wills
115,Saeed Ullah
116,Evance Ville
117,Amany Fawzi
119,J J
120,Atom Atom
121,Oyekunle Comfort
122,Akira 709
123,Lauren Mae
124,Paloma
125,Avery kate
126,Darcy1995
127,Alex Pro
128,Michael Steven
129,Tuhin Khondoker
130,Praniya Mali
131,chawki chair
132,Kesha Monroe
133,Webdragon0125
134,Derrick Mckenzie
135,BrouDa
136,Deo boosPro
137,Writer Ruqsar
138,Stacy
139,ASIF khan
140,Victoria Noel
142,Arivi
143,Brahim Tkl
145,Ruvaida Qureshi
146,Sagar Kumar Mishra
147,Parth Dangre
149,Callme_ mh
150,Max Johnson
151,Gs36
152,Cfdhj
153,Sandat
154,Emy Jack
155,Nidhun Pv
156,Beginning
157,lauren Walt
158,Stealth
159,Online Income
160,Aditya Rajput
161,Naseer
162,Sourabh Renuse
163,Rishu Kumar
164,Gary
165,Ace
166,Achintha Gunarathane
167,BURGMAN ZINA
168,Ngozika Ifeamareme
169,Roses Smith
170,Charistopher Marlow
174,Ravi Saini
175,David Bergman
178,Shawaiz Ali
179,Nikhil Mohite
180,Walter Myles
181,Jhon J Toloza
182,Momin Khan
184,Home boy
185,Jatin Chhantbar
186,BATMAN
187,Britney Kramer
188,....Preeti Manchal...
189,yssn
190,MD.SHAKIB MAHMUD
191,Leon Lorenz
192,Victor M
194,Crypto Dev
195,Bharath geegi
196,Reyhan
197,Isaac Levin
198,Bbchccv
199,Fghhvvv
200,Felicia Beckham
201,Linda Smith
202,Chuong Vu
203,Arimas run
204,Jagdeep Singh
205,Earn money
206,John Gary
207,Mamta Sikarwal
208,Ik
209,Ankita Jain
210,Coryn Faclube
212,Wang Min
213,Fred Anderson
214,XeTtri Sandesh
215,Riya Jobs
216,Jira
217,Mr Auto
218,SCYPHER Driscoll
219,Sam J
220,zarah
221,Ellen B. Trevino
222,Harold Lewis
223,Acs
224,Elvis Mary
225,Putih Farhana
226,Tina
227,Thomas Williams
228,Michelle Bobby
229,Mohsin Ait Hmaid
230,AAAAAAAAAAAAAAAA
231,Raheem Fayyaz
232,Jackson Alexandra
233,Editable You
234,Macheal Newton
235,Alicia
236,Somen Das
237,Sathish Masss
238,Mi Jat
239,Howard Daniel
240,Kamal Kamal
241,Prathaaam
242,Bella Stones
243,Ilu Y
244,Bitcoin Lord
245,James Emily
246,Anil Hukunde
247,Missy
248,Sahib Saim
249,Celestine Smith
250,Krish
252,Maja Presston
253,Lux
255,Ashish Kohli
256,Thrish Blantin
257,LizN
258,Ekene Akpapunam
259,Shankar
260,Kavita
261,Lauren Fleischer
262,Shawn Smith
263,Gaurav Roy
264,Lawrence Stonestreet
265,BR Men
266,Tony Walson
267,Alexis Lam
268,Jack Wheeler
269,Badre Xicalor
270,liu xin
271,Dfugtv Buffub
272,xiaoyun
273,Josh
274,Nayan
275,Will Parfitt
276,Abdo Lmt
278,KT
279,Raza Akbar
280,Aaryan Mittal
281,Olasukanmi Ayomide Olamilekan
282,Mat
283,hongle
284,Deepanshu Tanwar
285,Thanh tuân
286,Phillips James
287,Peter Tarus.
288,Work From Home Opportunity
289,Maria Sanchez
290,Ava
291,Garvey Peka
292,Philip Schuster
293,Rocky Singh
294,Muhammad Nayem
295,Ishan Parmar
296,Emma Davis
297,Rick Web
298,Guen
299,Ariel Chen
300,Nishant Chauhan
301,Darrell Lovett
302,tifany melissa
303,Samin Khan
304,David Cross
305,Jackson Bin
306,Waheed Ali
307,Faisal Patel
308,Johnson Franklin
309,777
310,Sanda B
311,Derek
312,bandao UU
313,Luo Jubin
314,Subramanya Hegde
315,Arslan Ahmed
316,arman alam
317,Patron Romeo
318,John Miller
319,Azra
320,irfan ali
321,Joel Alejandro Flores Cuellar
322,Llyod Sam
323,hafsa bint umar
324,Solomon Codeit
325,hushmax
327,Job searcher
328,Jake Torrero
329,Robert Lindsay
330,Benson Frank
331,celik
332,Dewi Fauziah
333,Mmr Mizan
334,"Arry,. M.E.O"
335,Bipin Kumar
336,Luisa
337,Khaliq Jr
338,Brenda Morgan
339,Farah Alshiekh
340,Anna
341,Patricia Charles
342,Sumant Sagar
343,Kunal Rajwanshi
344,Vigneshwar Eswar
345,linxue
346,Angel Tambe
347,Malcolm Xi
348,fhfghb Ghjvb
349,S
351,Deiv
352,Chae-Won
353,Maria Eden
354,Sonu Sonu
355,Sean
356,Tuchkas
357,Ellena M
358,Festus John
359,Justin
360,Annet
361,Abd Al-Rashid HANIYA
362,Golden Heart
363,K
364,Seely
365,Samaila Danladieey
366,Defi Highness
367,Rick West
368,ailisi
369,Antonio Brown
370,Goku Master
371,Anjali Singh
372,Reem
373,Fatima
374,Lacey
375,AMIN SONIA
376,Mahmoud
377,BASHAR RIDA
378,12 Monkeys
379,Glory Anderson
380,Farah Biba
381,Sandra Dickson
382,562 .
383,Abhinay Mishra
384,
385,Looks
386,Evelyn
387,Dj BK
389,Mahmoud
390,O
391,Ev
392,Freya Tania
393,SuperGirl
394,Mad Low
395,Audrey
396,Kattan Ghislaine
397,Sindhu
398,Ideal Creator
399,TIEPILOT Graphics & Arts
400,Mohamed Ouardi
401,MdP
402,Project Manager
403,CrypTine
404,Bolt Digital Agency
405,Michael
406,Jacob
407,luisa
408,Gul_002
409,Light Yagami
410,BHAGIRATHSINH Nakum
411,Cyra
412,‘°ºø••.¸MuhammadYousuf¸.••øº°‘
413,KAGEYAMA
414,RAJA Srivstav
415,.
416,Anonymous
417,salmon
418,sonyar Roynos
419,Fernandez
420,Mayur Sakhare
421,LAUREN WILSON
422,Sérgio Rebelo
423,Natalie Nicole Murray
424,Bamzilee
425,M M
426,Prince
427,Mohd Hidayath
428,Lloyd Brighton
429,Subomi
430,Faisal Leizl
431,Kamal Daswani
432,Fernando Page
433,No Tension
434,Praveen
435,Bouchard Henry
436,Alfonso Sonai
437,Ayan
438,P. Mike
439,Sonali Jain
440,Siti Raya
441,yaxin
442,Error 404
443,samsamsam
444,Johanna
445,Ana
446,Sarah Noor Sneha
447,Combot
448,Angel
449,Whitney
